{
  "IP":"localhost",
  "PORT":"3005",
  "TABLE_DEFINITION":{
    "banner":["id","name","path","subdomain"],
    "notification":["id","notification","category","subdomain"],
    "category":["id","name","icon","small_icon","subdomain","show_count"],
    "game":["id","name","rule","category","subdomain","bg_type","bg","status", "sort_text"],
    "user":["id","name","ph","email","pid","pwd","access_token","login_time","for_dev","change_pwd","type","status","balance","percentage"],
    "game_inplay":["id","name", "game_code", "start", "end", "duration","result_one","result_two","result_three", "status","result_done"],
    "user_bank":["id","bank_name","name","acc_no","city","ifsc","email","ph","branch","user_id"],
    "settings":["id","upi_acc","upi_qr"],
    "payment":["id","user_id","pdate","ref_no","pamt","upi_acc","order_no","status","amt","type"],
    "withdraw":["id","user_id","wdate","status","amt"],
    "motka":["id","user_id","game_id","amt","service","number","size","color","bdate","btype","bname", "status","price"],
    "fatafat":["id","user_id","game_id","amt","service","number","bdate", "status","price","type"],
    "fatafatSuper":["id","user_id","game_id","amt","service","number","bdate", "status","price","type"],
    "gameChance":["id","user_id","game_id","amt","service","number","bdate", "status","price","type"],
    "transaction_log":["id","user_id","amt","tdate","type","ref_no","description"],
    "transfer_log":["id","fid","amt","tdate","tid","type"],
    "s_team":["id","name","sports","type","status"]
  },
  "db": {
    "mysql_": {
        "host": "localhost",
        "user": "root",
        "pass": "",
        "dbname": "fatafat_new",
        "port":3306
    },
    "mysql": {
      "host": "localhost",
      "user": "dbuser",
      "pass": "DokuMe@123$",
      "dbname": "fatafat",
      "port":3306
  }
  }
}