{
  "cron": {
    "17:07:00": "fatafat",
    "09:58:00": "fatafat",
    "11:28:00": "fatafat",
    "12:58:00": "fatafat",
    "14:28:00": "fatafat",
    "15:58:00": "fatafat",
    "17:28:00": "fatafat",
    "18:58:00": "fatafat",
    "20:28:00": "fatafat",
    "07:10:00": "fatafatSuper",
    "09:40:00": "fatafatSuper",
    "11:10:00": "fatafatSuper",
    "12:40:00": "fatafatSuper",
    "14:10:00": "fatafatSuper",
    "15:40:00": "fatafatSuper",
    "17:10:00": "fatafatSuper",
    "18:40:00": "fatafatSuper",
    "20:10:00": "fatafatSuper",
    "06:00:00": "gameChance",
    "13:00:00": "gameChance",
    "18:00:00": "gameChance",
    "20:00:00": "gameChance"
  },
  "job": {
    "fatafat": [
      {
        "time": "07:30:00",
        "game": "fatafat"
      },
      {
        "time": "09:58:00",
        "game": "fatafat"
      },
      {
        "time": "09:58:00",
        "game": "fatafat"
      },
      {
        "time": "11:28:00",
        "game": "fatafat"
      },
      {
        "time": "11:28:00",
        "game": "fatafat"
      },
      {
        "time": "12:58:00",
        "game": "fatafat"
      },
      {
        "time": "12:58:00",
        "game": "fatafat"
      },
      {
        "time": "14:28:00",
        "game": "fatafat"
      },
      {
        "time": "14:28:00",
        "game": "fatafat"
      },
      {
        "time": "15:58:00",
        "game": "fatafat"
      },
      {
        "time": "15:58:00",
        "game": "fatafat"
      },
      {
        "time": "17:28:00",
        "game": "fatafat"
      },
      {
        "time": "17:28:00",
        "game": "fatafat"
      },
      {
        "time": "18:58:00",
        "game": "fatafat"
      },
      {
        "time": "18:58:00",
        "game": "fatafat"
      },
      {
        "time": "20:28:00",
        "game": "fatafat"
      }
    ],
    "fatafatSuper": [
      {
        "time": "07:10:00",
        "game": "fatafatSuper"
      },
      {
        "time": "09:40:00",
        "game": "fatafatSuper"
      },
      {
        "time": "09:40:00",
        "game": "fatafatSuper"
      },
      {
        "time": "11:10:00",
        "game": "fatafatSuper"
      },
      {
        "time": "11:10:00",
        "game": "fatafatSuper"
      },
      {
        "time": "12:40:00",
        "game": "fatafatSuper"
      },
      {
        "time": "12:40:00",
        "game": "fatafatSuper"
      },
      {
        "time": "14:10:00",
        "game": "fatafatSuper"
      },
      {
        "time": "14:10:00",
        "game": "fatafatSuper"
      },
      {
        "time": "15:40:00",
        "game": "fatafatSuper"
      },
      {
        "time": "15:40:00",
        "game": "fatafatSuper"
      },
      {
        "time": "17:10:00",
        "game": "fatafatSuper"
      },
      {
        "time": "17:10:00",
        "game": "fatafatSuper"
      },
      {
        "time": "18:40:00",
        "game": "fatafatSuper"
      },
      {
        "time": "18:40:00",
        "game": "fatafatSuper"
      },
      {
        "time": "20:10:00",
        "game": "fatafatSuper"
      }
    ],
    "gameChance": [
      {
        "time": "06:00:00",
        "game": "gameChance"
      },
      {
        "time": "13:00:00",
        "game": "gameChance"
      },
      {
        "time": "13:00:00",
        "game": "gameChance"
      },
      {
        "time": "18:00:00",
        "game": "gameChance"
      },
      {
        "time": "18:00:00",
        "game": "gameChance"
      },
      {
        "time": "20:00:00",
        "game": "gameChance"
      }
    ]
  },
  "price": {
    "fatafat": {
      "patti": "1",
      "single": "10000"
    },
    "fatafatSuper": {
      "patti": 125,
      "single": 9.1
    },
    "gameChance": {
      "single": 9
    }
  },
  "info": {
    "gameChance": [
      {
        "start": "06:00:00",
        "end": "13:00:00",
        "duration": "1",
        "name": {
          "monday": "Dwarka",
          "tuesday": "Godavari",
          "wednesday": "Indus",
          "thursday": "Mahanadi",
          "friday": "Meghna",
          "saturday": "Narmada",
          "sunday": "Yamuna"
        }
      },
      {
        "start": "13:00:00",
        "end": "18:00:00",
        "duration": "2",
        "name": {
          "monday": "Desert",
          "tuesday": "Wave",
          "wednesday": "Hill",
          "thursday": "Lake",
          "friday": "Mountain",
          "saturday": "River",
          "sunday": "Sea"
        }
      },
      {
        "start": "18:00:00",
        "end": "20:00:00",
        "duration": "3",
        "name": {
          "monday": "Eagle Evening",
          "tuesday": "Parrot Evening",
          "wednesday": "Flamingo Evening",
          "thursday": "Hawk Evening",
          "friday": "Ostrich Evening",
          "saturday": "Vulture Evening",
          "sunday": "Falcon Evening"
        }
      }
    ],
    "fatafat": [
      {
        "start": "07:30:00",
        "end": "09:58:00",
        "duration": "162",
        "name": {
          "monday": "Bazi1",
          "tuesday": "Bazi1",
          "wednesday": "Bazi1",
          "thursday": "Bazi1",
          "friday": "Bazi1",
          "saturday": "Bazi1",
          "sunday": "Bazi1"
        }
      },
      {
        "start": "09:58:00",
        "end": "11:28:00",
        "duration": "90",
        "name": {
          "monday": "Bazi2",
          "tuesday": "Bazi2",
          "wednesday": "Bazi2",
          "thursday": "Bazi2",
          "friday": "Bazi2",
          "saturday": "Bazi2",
          "sunday": "Bazi2"
        }
      },
      {
        "start": "11:28:00",
        "end": "12:58:00",
        "duration": "90",
        "name": {
          "monday": "Bazi3",
          "tuesday": "Bazi3",
          "wednesday": "Bazi3",
          "thursday": "Bazi3",
          "friday": "Bazi3",
          "saturday": "Bazi3",
          "sunday": "Bazi3"
        }
      },
      {
        "start": "12:58:00",
        "end": "14:28:00",
        "duration": "90",
        "name": {
          "monday": "Bazi4",
          "tuesday": "Bazi4",
          "wednesday": "Bazi4",
          "thursday": "Bazi4",
          "friday": "Bazi4",
          "saturday": "Bazi4",
          "sunday": "Bazi4"
        }
      },
      {
        "start": "14:28:00",
        "end": "15:58:00",
        "duration": "90",
        "name": {
          "monday": "Bazi5",
          "tuesday": "Bazi5",
          "wednesday": "Bazi5",
          "thursday": "Bazi5",
          "friday": "Bazi5",
          "saturday": "Bazi5"
        }
      },
      {
        "start": "15:58:00",
        "end": "17:28:00",
        "duration": "90",
        "name": {
          "monday": "Bazi6",
          "tuesday": "Bazi6",
          "wednesday": "Bazi6",
          "thursday": "Bazi6",
          "friday": "Bazi6",
          "saturday": "Bazi6"
        }
      },
      {
        "start": "17:28:00",
        "end": "18:58:00",
        "duration": "90",
        "name": {
          "monday": "Bazi7",
          "tuesday": "Bazi7",
          "wednesday": "Bazi7",
          "thursday": "Bazi7",
          "friday": "Bazi7",
          "saturday": "Bazi7"
        }
      },
      {
        "start": "18:58:00",
        "end": "20:28:00",
        "duration": "90",
        "name": {
          "monday": "Bazi8",
          "tuesday": "Bazi8",
          "wednesday": "Bazi8",
          "thursday": "Bazi8",
          "friday": "Bazi8",
          "saturday": "Bazi8"
        }
      }
    ],
    "fatafatSuper": [
      {
        "start": "07:10:00",
        "end": "09:40:00",
        "duration": "162",
        "name": {
          "monday": "Bazi1",
          "tuesday": "Bazi1",
          "wednesday": "Bazi1",
          "thursday": "Bazi1",
          "friday": "Bazi1",
          "saturday": "Bazi1",
          "sunday": "Bazi1"
        }
      },
      {
        "start": "09:40:00",
        "end": "11:10:00",
        "duration": "90",
        "name": {
          "monday": "Bazi2",
          "tuesday": "Bazi2",
          "wednesday": "Bazi2",
          "thursday": "Bazi2",
          "friday": "Bazi2",
          "saturday": "Bazi2",
          "sunday": "Bazi2"
        }
      },
      {
        "start": "11:10:00",
        "end": "12:40:00",
        "duration": "90",
        "name": {
          "monday": "Bazi3",
          "tuesday": "Bazi3",
          "wednesday": "Bazi3",
          "thursday": "Bazi3",
          "friday": "Bazi3",
          "saturday": "Bazi3",
          "sunday": "Bazi3"
        }
      },
      {
        "start": "12:40:00",
        "end": "14:10:00",
        "duration": "90",
        "name": {
          "monday": "Bazi4",
          "tuesday": "Bazi4",
          "wednesday": "Bazi4",
          "thursday": "Bazi4",
          "friday": "Bazi4",
          "saturday": "Bazi4",
          "sunday": "Bazi4"
        }
      },
      {
        "start": "14:10:00",
        "end": "15:40:00",
        "duration": "90",
        "name": {
          "monday": "Bazi5",
          "tuesday": "Bazi5",
          "wednesday": "Bazi5",
          "thursday": "Bazi5",
          "friday": "Bazi5",
          "saturday": "Bazi5"
        }
      },
      {
        "start": "15:40:00",
        "end": "17:10:00",
        "duration": "90",
        "name": {
          "monday": "Bazi6",
          "tuesday": "Bazi6",
          "wednesday": "Bazi6",
          "thursday": "Bazi6",
          "friday": "Bazi6",
          "saturday": "Bazi6"
        }
      },
      {
        "start": "17:10:00",
        "end": "18:40:00",
        "duration": "90",
        "name": {
          "monday": "Bazi7",
          "tuesday": "Bazi7",
          "wednesday": "Bazi7",
          "thursday": "Bazi7",
          "friday": "Bazi7",
          "saturday": "Bazi7"
        }
      },
      {
        "start": "18:40:00",
        "end": "20:10:00",
        "duration": "90",
        "name": {
          "monday": "Bazi8",
          "tuesday": "Bazi8",
          "wednesday": "Bazi8",
          "thursday": "Bazi8",
          "friday": "Bazi8",
          "saturday": "Bazi8"
        }
      }
    ]
  }
}